Dimensione N,Tempo DCT2 Lenta (s),Tempo DCT2 Veloce (s)
8,0.0015912000089883804,0.0001289999927394092
16,0.011757000000216067,3.510000533424318e-05
32,0.09138389999861829,6.310001481324434e-05
64,0.7056014999980107,0.00011059999815188348
128,5.269610399991507,0.0002327999973203987
256,44.040869399992516,0.0007442000205628574
512,347.11797779999324,0.00294550001854077
