Dimensione N,Tempo DCT2 Lenta (s),Tempo DCT2 Veloce (s)
8,0.0011187999043613672,0.00017340003978461027
16,0.005956100067123771,3.090000245720148e-05
32,0.048825900070369244,0.00011899997480213642
64,0.3985753000015393,0.0001642999704927206
128,2.9410215999232605,0.0002967000473290682
256,23.862029100069776,0.0006070999661460519
512,197.038791299914,0.002898199949413538
